<GuiXml>
    <Controls>
        <TopLevelControl name="HodorReflexes_Share_Atronach" mouseEnabled="false" movable="false" resizeToFitDescendents="true" clampedToScreen="true" hidden="true">
            <Dimensions x="232"/>
            <Anchor point="LEFT" relativeTo="GuiRoot" relativePoint="LEFT" offsetX="900" offsetY="0" />
            <OnMoveStop>HodorReflexes.modules.share.AtronachOnMoveStop()</OnMoveStop>
            <Controls>
                <Texture name="$(parent)_AtronachIcon" textureFile="HodorReflexes/assets/share/atronach.dds">
                    <Dimensions x="28" y="28"/>
                    <Anchor point="TOPLEFT" relativePoint="TOPLEFT" relativeTo="$(parent)" offsetX="4" offsetY="-8" />
                </Texture>
                <Label name="$(parent)_AtronachDuration" horizontalAlignment="left" font="$(MEDIUM_FONT)|$(KB_22)|soft-shadow-thick" text="  0.0" wrapMode="TRUNCATE">
                    <Dimensions x="50" y="24"/>
                    <Anchor point="LEFT" relativePoint="RIGHT" relativeTo="$(parent)_AtronachIcon" offsetX="2" offsetY="0" />
                </Label>
                <Texture name="$(parent)_BerserkIcon" textureFile="HodorReflexes/assets/share/major_berserk.dds">
                    <Dimensions x="28" y="28"/>
                    <Anchor point="TOPLEFT" relativePoint="TOPLEFT" relativeTo="$(parent)" offsetX="90" offsetY="-8" />
                </Texture>
                <Label name="$(parent)_BerserkDuration" horizontalAlignment="left" font="$(MEDIUM_FONT)|$(KB_22)|soft-shadow-thick" text="  0.0" wrapMode="TRUNCATE">
                    <Dimensions x="50" y="24"/>
                    <Anchor point="LEFT" relativePoint="RIGHT" relativeTo="$(parent)_BerserkIcon" offsetX="0" offsetY="0" />
                </Label>
            </Controls>
        </TopLevelControl>

        <Control name="HodorReflexes_Share_AtronachRow" virtual="true" resizeToFitDescendents="true" hidden="true">
            <Controls>
                <Label name="$(parent)_Value" horizontalAlignment="RIGHT" font="$(BOLD_FONT)|$(KB_19)|soft-shadow-thick" text="0%">
                    <Dimensions x="50" y="24" />
                    <Anchor point="TOPLEFT" relativePoint="TOPLEFT" offsetX="0" offsetY="0" />
                </Label>
                <Label name="$(parent)_RawValue" horizontalAlignment="RIGHT" font="$(MEDIUM_FONT)|$(KB_19)|soft-shadow-thick" text="0">
                    <Dimensions x="40" y="24" />
                    <Anchor point="TOPLEFT" relativePoint="TOPRIGHT" relativeTo="$(parent)_Value" offsetX="0" offsetY="0" />
                </Label>
                <Texture name="$(parent)_Icon" textureFile="esoui/art/icons/class/class_templar.dds">
                    <Dimensions x="24" y="24" />
                    <Anchor point="TOPLEFT" relativePoint="TOPRIGHT" relativeTo="$(parent)_RawValue" offsetX="10" offsetY="0" />
                </Texture>
                <Label name="$(parent)_Name" horizontalAlignment="LEFT" font="$(BOLD_FONT)|$(KB_19)|soft-shadow-thick" text="@Player" wrapMode="TRUNCATE">
                    <Dimensions x="105" y="24" />
                    <Anchor point="TOPLEFT" relativePoint="TOPRIGHT" relativeTo="$(parent)_Icon" offsetX="3" offsetY="0" />
                </Label>
            </Controls>
        </Control>
    </Controls>
</GuiXml>