<GuiXml>
    <Controls>
        <TopLevelControl name="HodorReflexes_Share_Colos" mouseEnabled="false" movable="false" resizeToFitDescendents="true" clampedToScreen="true" hidden="true">
            <Dimensions x="232"/>
            <Anchor point="LEFT" relativeTo="GuiRoot" relativePoint="LEFT" offsetX="500" offsetY="0" />
            <OnMoveStop>HodorReflexes.modules.share.ColosOnMoveStop()</OnMoveStop>
            <Controls>
                <Texture name="$(parent)_Icon" textureFile="HodorReflexes/assets/share/colos.dds">
                    <Dimensions x="28" y="28"/>
                    <Anchor point="TOPLEFT" relativePoint="TOPLEFT" relativeTo="$(parent)" offsetX="4" offsetY="-8" />
                </Texture>
                <Label name="$(parent)_Duration" horizontalAlignment="left" font="$(MEDIUM_FONT)|$(KB_22)|soft-shadow-thick" text="  0.0" wrapMode="TRUNCATE">
                    <Dimensions x="50" y="24"/>
                    <Anchor point="LEFT" relativePoint="RIGHT" relativeTo="$(parent)_Icon" offsetX="0" offsetY="0" />
                </Label>
            </Controls>
        </TopLevelControl>

        <TopLevelControl name="HodorReflexes_Share_ColosCountdown" resizeToFitDescendents="true" mouseEnabled="false" movable="false" clampedToScreen="true" hidden="true">
            <Dimensions x="300" y="60" />
            <Anchor point="CENTER" relativeTo="GuiRoot" relativePoint="CENTER" offsetX="0" offsetY="80" />
            <Controls>
                <Label name="$(parent)_Label" width="200" height="25" font="$(BOLD_FONT)|$(KB_54)|soft-shadow-thick" inheritAlpha="true" color="FF00FF" wrapMode="TRUNCATE" verticalAlignment="TOP" horizontalAlignment="CENTER" text="ULT: |cFFFF002.5|r">
                    <Anchor point="TOP" relativeTo="$(parent)" relativePoint="TOP" />
                </Label>
            </Controls>
            <OnMoveStop>
                HodorReflexes.modules.share.ColosCountdownOnMoveStop()
            </OnMoveStop>
        </TopLevelControl>

        <Control name="HodorReflexes_Share_ColosRow" virtual="true" resizeToFitDescendents="true" hidden="true">
            <Controls>
                <Label name="$(parent)_Value" horizontalAlignment="RIGHT" font="$(BOLD_FONT)|$(KB_19)|soft-shadow-thick" text="0%">
                    <Dimensions x="50" y="24" />
                    <Anchor point="TOPLEFT" relativePoint="TOPLEFT" offsetX="0" offsetY="0" />
                </Label>
                <Label name="$(parent)_RawValue" horizontalAlignment="RIGHT" font="$(MEDIUM_FONT)|$(KB_19)|soft-shadow-thick" text="0">
                    <Dimensions x="40" y="24" />
                    <Anchor point="TOPLEFT" relativePoint="TOPRIGHT" relativeTo="$(parent)_Value" offsetX="0" offsetY="0" />
                </Label>
                <Texture name="$(parent)_Icon" textureFile="esoui/art/icons/class/class_templar.dds">
                    <Dimensions x="24" y="24" />
                    <Anchor point="TOPLEFT" relativePoint="TOPRIGHT" relativeTo="$(parent)_RawValue" offsetX="10" offsetY="0" />
                </Texture>
                <Label name="$(parent)_Name" horizontalAlignment="LEFT" font="$(BOLD_FONT)|$(KB_19)|soft-shadow-thick" text="@Player" wrapMode="TRUNCATE">
                    <Dimensions x="105" y="24" />
                    <Anchor point="TOPLEFT" relativePoint="TOPRIGHT" relativeTo="$(parent)_Icon" offsetX="3" offsetY="0" />
                </Label>
            </Controls>
        </Control>
    </Controls>
</GuiXml>