<GuiXml>
    <Controls>
        <TopLevelControl name="HodorReflexes_Share_Damage" mouseEnabled="false" movable="false" resizeToFitDescendents="true" clampedToScreen="true" hidden="true">
            <Dimensions x="227" />
            <Anchor point="LEFT" relativeTo="GuiRoot" relativePoint="LEFT" offsetX="250" offsetY="0" />
            <OnMoveStop>HodorReflexes.modules.share.DamageOnMoveStop()</OnMoveStop>
            <Controls>
                <Texture name="$(parent)_BG" color="000000" alpha="0.8" hidden="false">
                    <Dimensions y="22" />
                    <Anchor point="TOPLEFT" relativePoint="TOPLEFT" />
                    <Anchor point="TOPRIGHT" relativePoint="TOPRIGHT" />
                </Texture>
                <Label name="$(parent)_Title" font="$(MEDIUM_FONT)|$(KB_16)|shadow" text="">
                    <Anchor point="TOPLEFT" relativePoint="TOPLEFT" offsetX="2"/>
                </Label>
                <Label name="$(parent)_Time" horizontalAlignment="RIGHT" font="$(MEDIUM_FONT)|$(KB_16)|shadow" text="">
                    <Anchor point="TOPRIGHT" relativePoint="TOPRIGHT" />
                </Label>
            </Controls>
        </TopLevelControl>

        <Control name="HodorReflexes_Share_DamageRow" virtual="true">
            <Dimensions y="22" />
            <Controls>
                <Texture name="$(parent)_BG" color="000000" hidden="false">
                    <AnchorFill />
                </Texture>
                <Texture name="$(parent)_Icon" textureFile="esoui/art/icons/class/class_nightblade.dds">
                    <Dimensions x="22" y="22" />
                    <Anchor point="TOPLEFT" relativePoint="TOPLEFT" />
                </Texture>
                <Label name="$(parent)_Name" horizontalAlignment="LEFT" font="$(MEDIUM_FONT)|$(KB_18)|shadow" text="@Player" wrapMode="TRUNCATE">
                    <Dimensions x="105" y="22" />
                    <Anchor point="TOPLEFT" relativePoint="TOPLEFT" offsetX="25" />
                </Label>
                <Label name="$(parent)_Value" horizontalAlignment="RIGHT" font="$(GAMEPAD_MEDIUM_FONT)|$(KB_19)|outline" text="192.5K" wrapMode="TRUNCATE">
                    <Dimensions x="95" y="22" />
                    <Anchor point="TOPLEFT" relativePoint="TOPRIGHT" relativeTo="$(parent)_Name" offsetX="2" offsetY="-1" />
                </Label>
            </Controls>
        </Control>
    </Controls>
</GuiXml>