<GuiXml>
    <Controls>
        <TopLevelControl name="HodorReflexes_Share_Ultimates" mouseEnabled="false" movable="false" resizeToFitDescendents="true" clampedToScreen="true" hidden="true">
            <Dimensions x="232"/>
            <Anchor point="LEFT" relativeTo="GuiRoot" relativePoint="LEFT" offsetX="50" offsetY="0" />
            <OnMoveStop>HodorReflexes.modules.share.UltimatesOnMoveStop()</OnMoveStop>
            <Controls>
                <Texture name="$(parent)_HornIcon" textureFile="HodorReflexes/assets/share/war_horn.dds">
                    <Dimensions x="28" y="28"/>
                    <Anchor point="TOPLEFT" relativePoint="TOPLEFT" relativeTo="$(parent)" offsetX="4" offsetY="-8" />
                </Texture>
                <Label name="$(parent)_HornDuration" horizontalAlignment="left" font="$(MEDIUM_FONT)|$(KB_22)|soft-shadow-thick" text="  0.0" wrapMode="TRUNCATE">
                    <Dimensions x="50" y="24"/>
                    <Anchor point="LEFT" relativePoint="RIGHT" relativeTo="$(parent)_HornIcon" offsetX="2" offsetY="0" />
                </Label>
                <Texture name="$(parent)_ForceIcon" textureFile="HodorReflexes/assets/share/major_force.dds">
                    <Dimensions x="28" y="28"/>
                    <Anchor point="TOPLEFT" relativePoint="TOPLEFT" relativeTo="$(parent)" offsetX="90" offsetY="-8" />
                </Texture>
                <Label name="$(parent)_ForceDuration" horizontalAlignment="left" font="$(MEDIUM_FONT)|$(KB_22)|soft-shadow-thick" text="  0.0" wrapMode="TRUNCATE">
                    <Dimensions x="50" y="24"/>
                    <Anchor point="LEFT" relativePoint="RIGHT" relativeTo="$(parent)_ForceIcon" offsetX="0" offsetY="0" />
                </Label>
            </Controls>
        </TopLevelControl>

        <TopLevelControl name="HodorReflexes_Share_HornCountdown" resizeToFitDescendents="true" mouseEnabled="false" movable="false" clampedToScreen="true" hidden="true">
            <Dimensions x="300" y="60" />
            <Anchor point="CENTER" relativeTo="GuiRoot" relativePoint="CENTER" offsetX="0" offsetY="160" />
            <Controls>
                <Label name="$(parent)_Label" width="200" height="25" font="$(BOLD_FONT)|$(KB_54)|soft-shadow-thick" inheritAlpha="true" color="FF00FF" wrapMode="TRUNCATE" verticalAlignment="TOP" horizontalAlignment="CENTER" text="HORN: |cFF7F003.0|r">
                    <Anchor point="TOP" relativeTo="$(parent)" relativePoint="TOP" />
                </Label>
            </Controls>
            <OnMoveStop>
                HodorReflexes.modules.share.HornCountdownOnMoveStop()
            </OnMoveStop>
        </TopLevelControl>

        <TopLevelControl name="HodorReflexes_Share_HornIcon" resizeToFitDescendents="true" mouseEnabled="false" movable="false" clampedToScreen="true" hidden="true">
            <Dimensions x="64" y="64" />
            <Anchor point="CENTER" relativeTo="GuiRoot" relativePoint="CENTER" offsetX="80" offsetY="0" />
            <Controls>
                <Texture name="$(parent)_BG" color="000000" alpha="1">
                    <Anchor point="TOPLEFT" relativeTo="$(parent)" relativePoint="TOPLEFT" />
                    <Dimensions x="64" y="64" />
                </Texture>
                <Texture name="$(parent)_Texture" textureFile="esoui/art/icons/ability_ava_003_a.dds">
                    <Anchor point="CENTER" relativeTo="$(parent)" relativePoint="CENTER" />
                    <Dimensions x="60" y="60"/>
                </Texture>
                <Texture name="$(parent)_TextureHighlight">
                    <Anchor point="CENTER" relativeTo="$(parent)_Icon" relativePoint="CENTER" />
                    <Dimensions x="60" y="60"/>
                </Texture>
                <Label name="$(parent)_Label" font="$(MEDIUM_FONT)|$(KB_40)|thick-outline" inheritAlpha="true" color="FFFFFF" wrapMode="TRUNCATE" verticalAlignment="CENTER" horizontalAlignment="CENTER" text="8">
                    <Anchor point="CENTER" relativeTo="$(parent)" relativePoint="CENTER" offsetX="0" offsetY="0" />
                </Label>
            </Controls>
            <OnMoveStop>
                HodorReflexes.modules.share.HornIconOnMoveStop()
            </OnMoveStop>
            <OnMouseWheel>
                HodorReflexes.modules.share.HornIconOnMouseWheel(delta)
            </OnMouseWheel>
        </TopLevelControl>

        <Control name="HodorReflexes_Share_UltimateRow" virtual="true" resizeToFitDescendents="true" hidden="true">
            <Controls>
                <Label name="$(parent)_Value" horizontalAlignment="RIGHT" font="$(BOLD_FONT)|$(KB_19)|soft-shadow-thick" text="0%">
                    <Dimensions x="50" y="24" />
                    <Anchor point="TOPLEFT" relativePoint="TOPLEFT" offsetX="0" offsetY="0" />
                </Label>
                <Label name="$(parent)_RawValue" horizontalAlignment="RIGHT" font="$(MEDIUM_FONT)|$(KB_19)|soft-shadow-thick" text="0">
                    <Dimensions x="40" y="24" />
                    <Anchor point="TOPLEFT" relativePoint="TOPRIGHT" relativeTo="$(parent)_Value" offsetX="0" offsetY="0" />
                </Label>
                <Texture name="$(parent)_Icon" textureFile="esoui/art/icons/class/class_templar.dds">
                    <Dimensions x="24" y="24" />
                    <Anchor point="TOPLEFT" relativePoint="TOPRIGHT" relativeTo="$(parent)_RawValue" offsetX="10" offsetY="0" />
                </Texture>
                <Label name="$(parent)_Name" horizontalAlignment="LEFT" font="$(BOLD_FONT)|$(KB_19)|soft-shadow-thick" text="@Player" wrapMode="TRUNCATE">
                    <Dimensions x="105" y="24" />
                    <Anchor point="TOPLEFT" relativePoint="TOPRIGHT" relativeTo="$(parent)_Icon" offsetX="3" offsetY="0" />
                </Label>
            </Controls>
        </Control>
    </Controls>
</GuiXml>