<GuiXml>
    <Controls>
        <TopLevelControl name="HodorReflexes_Share_MiscUltimates" mouseEnabled="false" movable="false" resizeToFitDescendents="true" clampedToScreen="true" hidden="true">
            <Dimensions x="232"/>
            <Anchor point="LEFT" relativeTo="GuiRoot" relativePoint="LEFT" offsetX="750" offsetY="0" />
            <OnMoveStop>HodorReflexes.modules.share.MiscUltimatesOnMoveStop()</OnMoveStop>
            <Controls>
                <Texture name="$(parent)_Icon" textureFile="/esoui/art/icons/ability_healer_012.dds">
                    <Dimensions x="28" y="28"/>
                    <Anchor point="TOPLEFT" relativePoint="TOPLEFT" relativeTo="$(parent)" offsetX="4" offsetY="-8" />
                </Texture>
                <Label name="$(parent)_Text" horizontalAlignment="left" font="$(MEDIUM_FONT)|$(KB_22)|soft-shadow-thick" text="Ultimates" wrapMode="TRUNCATE">
                    <Dimensions x="140" y="24"/>
                    <Anchor point="LEFT" relativePoint="RIGHT" relativeTo="$(parent)_Icon" offsetX="10" offsetY="0" />
                </Label>
            </Controls>
        </TopLevelControl>

        <Control name="HodorReflexes_Share_MiscUltimatesRow" virtual="true">
            <Controls>
                <Label name="$(parent)_RawValue" horizontalAlignment="RIGHT" font="$(MEDIUM_FONT)|$(KB_19)|soft-shadow-thick" text="0">
                    <Dimensions x="30" y="24" />
                    <Anchor point="TOPLEFT" relativePoint="TOPLEFT" offsetX="0" offsetY="0" />
                </Label>
                <Texture name="$(parent)_Icon" textureFile="esoui/art/icons/class/class_templar.dds">
                    <Dimensions x="24" y="24" />
                    <Anchor point="TOPLEFT" relativePoint="TOPRIGHT" relativeTo="$(parent)_RawValue" offsetX="10" offsetY="0" />
                </Texture>
                <Label name="$(parent)_Name" horizontalAlignment="LEFT" font="$(BOLD_FONT)|$(KB_19)|soft-shadow-thick" text="@Player" wrapMode="TRUNCATE">
                    <Dimensions x="105" y="24" />
                    <Anchor point="TOPLEFT" relativePoint="TOPRIGHT" relativeTo="$(parent)_Icon" offsetX="3" offsetY="0" />
                </Label>
            </Controls>
        </Control>
    </Controls>
</GuiXml>